,,,,
,Time (s),Temperature (Â°C),,General data we can use (during daytime)
,0,180.9934283,,
,1,179.7234714,,
,2,181.2953771,,
,3,183.0460597,,
,4,179.5316933,,
,5,179.5317261,,
,6,183.1584256,,
,7,181.5348695,,
,8,179.0610512,,
,9,181.0851201,,
,10,179.0731646,,
,11,179.0685405,,
,12,180.4839245,,
,13,176.1734395,,
,14,176.5501643,,
,15,178.8754249,,
,16,177.9743378,,
,17,180.6284947,,
,18,178.1839518,,
,19,177.1753926,,
,20,182.9312975,,
,21,179.5484474,,
,22,180.1350564,,
,23,177.1505036,,
,24,178.9112346,,
,25,180.2218452,,
,26,177.6980128,,
,27,180.751396,,
,28,178.7987226,,
,29,179.4166125,,
,30,178.7965868,,
,31,183.7045564,,
,32,179.9730056,,
,33,177.8845781,,
,34,181.6450898,,
,35,177.5583127,,
,36,180.4177272,,
,37,176.0806598,,
,38,177.3436279,,
,39,180.3937225,,
,40,181.4769332,,
,41,180.3427366,,
,42,179.7687034,,
,43,179.3977926,,
,44,177.042956,,
,45,178.5603116,,
,46,179.0787225,,
,47,182.1142445,,
,48,180.6872366,,
,49,176.4739197,,
,50,180.6481679,,
,51,179.2298354,,
,52,178.646156,,
,53,181.2233526,,
,54,182.061999,,
,55,181.8625602,,
,56,178.321565,,
,57,179.3815752,,
,58,180.6625269,,
,59,181.9510903,,
,60,179.0416515,,
,61,179.628682,,
,62,177.7873301,,
,63,177.6075868,,
,64,181.6250516,,
,65,182.7124801,,
,66,179.8559798,,
,67,182.0070658,,
,68,180.7232721,,
,69,178.7097605,,
,70,180.7227912,,
,71,183.0760731,,
,72,179.9283479,,
,73,183.1292873,,
,74,174.7605098,,
,75,181.643805,,
,76,180.1740941,,
,77,179.4019853,,
,78,180.1835216,,
,79,176.0248622,,
,80,179.5606562,,
,81,180.7142251,,
,82,182.9557881,,
,83,178.9634596,,
,84,178.3830128,,
,85,178.9964859,,
,86,181.8308042,,
,87,180.6575022,,
,88,178.9404796,,
,89,181.0265349,,
,90,180.1941551,,
,91,181.93729,,
,92,178.5958938,,
,93,179.3446757,,
,94,179.2157837,,
,95,177.0729701,,
,96,180.5922406,,
,97,180.5221105,,
,98,180.0102269,,
,99,179.5308257,,
,100,177.1692585,,
,101,179.1587094,,
,102,179.314571,,
,103,178.3954455,,
,104,179.6774286,,
,105,180.8081017,,
,106,183.7723718,,
,107,180.3491556,,
,108,180.5151008,,
,109,179.8511082,,
,110,176.1624576,,
,111,179.9469722,,
,112,180.1204604,,
,113,184.9264842,,
,114,179.6152781,,
,115,180.6030947,,
,116,179.9305765,,
,117,177.6626439,,
,118,182.2856456,,
,119,181.5038661,,
,120,181.5820639,,
,121,178.1812251,,
,122,182.8055886,,
,123,177.1962979,,
,124,181.1737142,,
,125,184.3809113,,
,126,178.0189273,,
,127,178.8674045,,
,128,180.1993027,,
,129,178.9930487,,
,130,176.8986731,,
,131,180.1371259,,
,132,177.8753926,,
,133,180.9471849,,
,134,178.1611515,,
,135,183.0998688,,
,136,178.4334934,,
,137,179.355877,,
,138,181.6270344,,
,139,177.5382714,,
,140,180.4549199,,
,141,182.6142855,,
,142,176.7850335,,
,143,180.3692677,,
,144,180.5197656,,
,145,181.5636457,,
,146,177.5260986,,
,147,177.3590868,,
,148,181.0438831,,
,149,180.5939693,,
,150,180.5009857,,
,151,180.6928964,,
,152,178.6399506,,
,153,180.4645074,,
,154,180.5861449,,
,155,178.5712972,,
,156,183.731549,,
,157,180.9476658,,
,158,177.617393,,
,159,181.3131072,,
,160,178.0506367,,
,161,181.5741692,,
,162,182.3171912,,
,163,178.3586354,,
,164,181.9267523,,
,165,180.8255619,,
,166,181.6441203,,
,167,183.793586,,
,168,179.5092238,,
,169,178.4925277,,
,170,178.2209711,,
,171,178.3683794,,
,172,179.8457966,,
,173,180.6823039,,
,174,180.5533816,,
,175,181.6543665,,
,176,180.0260038,,
,177,182.9070682,,
,178,179.4706863,,
,179,185.4403383,,
,180,181.2513347,,
,181,178.2856849,,
,182,177.858215,,
,183,180.9649448,,
,184,179.5530744,,
,185,181.428001,,
,186,180.9464752,,
,187,179.8543422,,
,188,178.3064126,,
,189,176.9703056,,
,190,179.1069701,,
,191,181.7127976,,
,192,180.4281875,,
,193,177.5085224,,
,194,180.3463619,,
,195,180.7706348,,
,196,178.2322851,,
,197,180.3074502,,
,198,180.1164174,,
,199,177.7140594,,
,200,180.7155747,,
,201,181.1215691,,
,202,182.1661025,,
,203,182.1076041,,
,204,177.2446613,,
,205,178.1243499,,
,206,181.0300705,,
,207,181.0275719,,
,208,181.0300954,,
,209,187.705463,,
,210,181.141781,,
,211,182.2711313,,
,212,181.9080035,,
,213,181.3027825,,
,214,179.3694615,,
,215,181.5179384,,
,216,178.4543496,,
,217,179.5263628,,
,218,179.0292729,,
,219,180.1637483,,
,220,184.6293171,,
,221,176.2654696,,
,222,181.3725204,,
,223,176.7745683,,
,224,179.0561363,,
,225,182.1779012,,
,226,180.12856,,
,227,177.8445104,,
,228,178.5693926,,
,229,181.3591955,,
,230,178.5392667,,
,231,180.4329172,,
,232,180.0911437,,
,233,178.6967993,,
,234,184.2878882,,
,235,181.267838,,
,236,175.9497148,,
,237,180.3729086,,
,238,178.6764271,,
,239,181.7048667,,
,240,178.4149585,,
,241,179.7705271,,
,242,181.0099746,,
,243,181.7315104,,
,244,177.5994072,,
,245,179.3309975,,
,246,179.0501094,,
,247,178.6933415,,
,248,183.5309085,,
,249,180.8099634,,
,250,177.4782321,,
,251,181.8357239,,
,252,184.2443124,,
,253,182.0649305,,
,254,176.9612601,,
,255,179.0315319,,
,256,182.5338223,,
,257,178.5846611,,
,258,180.8876389,,
,259,181.5492681,,
,260,178.1461391,,
,261,179.8809493,,
,262,173.5174653,,
,263,177.9512247,,
,264,179.4948637,,
,265,177.5044336,,
,266,183.2648226,,
,267,177.1397172,,
,268,179.119911,,
,269,180.2614812,,
,270,182.8825466,,
,271,177.1282757,,
,272,182.3263275,,
,273,180.0204661,,
,274,178.0369827,,
,275,180.9242069,,
,276,180.3981194,,
,277,178.7995662,,
,278,180.1396042,,
,279,179.2293728,,
,280,180.2270347,,
,281,181.3242613,,
,282,183.1720336,,
,283,177.524369,,
,284,184.2660667,,
,285,176.0958244,,
,286,179.6964298,,
,287,181.1766344,,
,288,180.5619837,,
,289,178.754601,,
,290,179.5837555,,
,291,179.0139981,,
,292,178.8212705,,
,293,181.6992042,,
,294,180.714031,,
,295,178.6141808,,
,296,181.7991998,,
,297,180.614599,,
,298,181.6257242,,
,299,181.2592577,,
,300,178.34201,,
,301,178.8796379,,
,302,181.4945872,,
,303,181.2207405,,
,304,179.9581968,,
,305,180.2346548,,
,306,182.5553298,,
,307,178.8168572,,
,308,181.0941948,,
,309,179.5956147,,
,310,179.5646376,,
,311,182.1975537,,
,312,181.6508327,,
,313,181.6270193,,
,314,182.6109576,,
,315,180.0420077,,
,316,181.3639059,,
,317,179.3794665,,
,318,180.6483327,,
,319,179.7397139,,
,320,180.1939919,,
,321,181.1903141,,
,322,178.3635586,,
,323,184.1847746,,
,324,177.9879652,,
,325,177.5716228,,
,326,182.3162217,,
,327,181.5833254,,
,328,181.2482396,,
,329,181.256691,,
,330,179.9755065,,
,331,178.2054913,,
,332,180.1516091,,
,333,178.6456766,,
,334,181.9502395,,
,335,179.7058852,,
,336,178.3490056,,
,337,179.3572283,,
,338,180.8258629,,
,339,178.8725509,,
,340,178.3555592,,
,341,180.4873744,,
,342,180.4899331,,
,343,178.9861136,,
,344,179.0579234,,
,345,180.4640999,,
,346,177.1038313,,
,347,177.1850725,,
,348,178.5631116,,
,349,179.5731057,,
,350,180.6218151,,
,351,182.9507124,,
,352,181.7153192,,
,353,179.6801229,,
,354,179.9619676,,
,355,177.9949413,,
,356,179.9629737,,
,357,179.4226827,,
,358,180.6454371,,
,359,178.3455381,,
,360,181.038693,,
,361,183.0654778,,
,362,179.7824797,,
,363,180.8034234,,
,364,181.380288,,
,365,179.1975591,,
,366,180.448185,,
,367,180.0251848,,
,368,180.1953522,,
,369,178.4539804,,
,370,180.0490203,,
,371,180.9959966,,
,372,182.9022872,,
,373,181.9185417,,
,374,184.3063649,,
,375,178.4653049,,
,376,181.7446413,,
,377,180.366684,,
,378,184.3796059,,
,379,178.3834034,,
,380,178.3205563,,
,381,178.8012147,,
,382,175.7522086,,
,383,178.94849,,
,384,178.4817347,,
,385,180.3007876,,
,386,180.683512,,
,387,183.7523417,,
,388,181.9008477,,
,389,178.8461927,,
,390,178.2031707,,
,391,180.9838383,,
,392,177.3595336,,
,393,183.6629175,,
,394,182.3588802,,
,395,179.0616487,,
,396,176.5737309,,
,397,182.7077447,,
,398,179.7709203,,
,399,182.4756326,,
,400,176.8111447,,
,401,178.80125,,
,402,180.0104874,,
,403,180.0939612,,
,404,179.0998691,,
,405,181.2456999,,
,406,177.8647591,,
,407,179.715241,,
,408,180.2405913,,
,409,181.0288777,,
,410,181.4232298,,
,411,177.7507158,,
,412,176.9317717,,
,413,182.5553536,,
,414,180.664628,,
,415,178.5030269,,
,416,183.102304,,
,417,180.2313493,,
,418,182.3585944,,
,419,180.135037,,
,420,184.1214958,,
,421,183.5106817,,
,422,179.5020717,,
,423,181.9431419,,
,424,181.2907519,,
,425,182.7372631,,
,426,178.0701531,,
,427,181.3721029,,
,428,182.116849,,
,429,176.482521,,
,430,177.633483,,
,431,175.9215356,,
,432,179.4611863,,
,433,181.4350845,,
,434,183.0047141,,
,435,180.1481896,,
,436,183.2572311,,
,437,177.2397971,,
,438,176.5932351,,
,439,179.8889046,,
,440,180.7681309,,
,441,179.9346105,,
,442,175.8651158,,
,443,179.8217599,,
,444,177.391061,,
,445,181.3393451,,
,446,180.7331965,,
,447,178.1202404,,
,448,178.9722662,,
,449,177.881573,,
,450,179.8746418,,
,451,181.9102846,,
,452,178.0285479,,
,453,181.008093,,
,454,178.9394848,,
,455,178.4142543,,
,456,179.7859393,,
,457,177.9295154,,
,458,178.8927014,,
,459,177.6042442,,
,460,183.9294503,,
,461,180.0705271,,
,462,178.600549,,
,463,180.4279598,,
,464,179.7753439,,
,465,179.5580608,,
,466,181.2283334,,
,467,181.5150154,,
,468,178.9389977,,
,469,178.8483635,,
,470,179.4498966,,
,471,175.3961577,,
,472,176.9696179,,
,473,182.7337485,,
,474,183.2899354,,
,475,179.5019279,,
,476,181.1531139,,
,477,180.6225003,,
,478,186.1577616,,
,479,182.2391498,,
,480,179.7441648,,
,481,178.0889191,,
,482,176.7871074,,
,483,180.4069273,,
,484,178.4872985,,
,485,177.1554926,,
,486,178.7068542,,
,487,177.836904,,
,488,183.3742833,,
,489,181.7632795,,
,490,179.9840547,,
,491,182.9598883,,
,492,180.1547366,,
,493,178.2774316,,
,494,183.0462482,,
,495,181.0778201,,
,496,177.9255077,,
,497,179.6193226,,
,498,178.2487635,,
,499,177.2344005,,
,500,181.8523551,,
,501,183.8188333,,
,502,177.2028649,,
,503,181.1259385,,
,504,178.6987149,,
,505,179.0257492,,
,506,178.8152122,,
,507,178.2720185,,
,508,180.0970433,,
,509,178.3380998,,
,510,180.5409137,,
,511,179.8995238,,
,512,179.5221039,,
,513,178.1848727,,
,514,178.8464573,,
,515,181.5107825,,
,516,181.0018344,,
,517,178.0448895,,
,518,180.1986646,,
,519,181.5027742,,
,520,176.6611894,,
,521,181.0867204,,
,522,178.6747525,,
,523,181.1411973,,
,524,178.4734817,,
,525,176.3902358,,
,526,176.7449151,,
,527,180.0961699,,
,528,180.519445,,
,529,178.1913667,,
,530,181.2771849,,
,531,176.6769599,,
,532,179.8678404,,
,533,177.5779676,,
,534,178.6963278,,
,535,180.0947973,,
,536,178.2791733,,
,537,179.2308889,,
,538,182.0125856,,
,539,178.8462163,,
,540,181.6713842,,
,541,177.7405863,,
,542,181.0596084,,
,543,182.8831372,,
,544,175.056711,,
,545,178.4062095,,
,546,181.1541443,,
,547,179.5939092,,
,548,180.7422917,,
,549,178.7920296,,
,550,180.1731796,,
,551,179.6886455,,
,552,182.3355641,,
,553,180.5088417,,
,554,180.6752053,,
,555,179.1762461,,
,556,179.0247876,,
,557,179.1348836,,
,558,180.7889043,,
,559,179.158031,,
,560,180.5795497,,
,561,184.1508016,,
,562,181.7422494,,
,563,179.3479529,,
,564,182.4024278,,
,565,179.1838493,,
,566,175.9237509,,
,567,177.9838274,,
,568,176.2584162,,
,569,179.296973,,
,570,180.0368368,,
,571,183.3528746,,
,572,180.6538547,,
,573,179.5617989,,
,574,181.6588112,,
,575,175.5777294,,
,576,180.4712291,,
,577,181.5417304,,
,578,177.0428275,,
,579,182.2875081,,
,580,180.6769928,,
,581,179.1694242,,
,582,181.2655637,,
,583,184.5413857,,
,584,180.3637325,,
,585,180.4964412,,
,586,179.0812782,,
,587,178.3003113,,
,588,181.6606716,,
,589,178.2878323,,
,590,180.1431325,,
,591,179.0446851,,
,592,180.9579597,,
,593,180.6673242,,
,594,182.0750799,,
,595,178.9799672,,
,596,179.4602501,,
,597,178.0424726,,
,598,179.1114135,,
,599,180.754601,,
,600,181.5139772,,
,601,178.1556694,,
,602,181.7392118,,
,603,182.7112757,,
,604,180.8268698,,
,605,183.7535916,,
,606,178.4524216,,
,607,177.5106906,,
,608,176.4425595,,
,609,182.9920886,,
,610,181.3087313,,
,611,179.8888307,,
,612,180.5599373,,
,613,177.7490219,,
,614,184.891504,,
,615,180.2584424,,
,616,180.2187896,,
,617,181.4515332,,
,618,180.9620185,,
,619,180.447768,,
,620,178.4190511,,
,621,180.9429367,,
,622,183.764049,,
,623,182.6908401,,
,624,183.1863733,,
,625,178.9775686,,
,626,178.0207904,,
,627,179.7484262,,
,628,180.1114498,,
,629,182.188383,,
,630,176.6150707,,
,631,183.0591006,,
,632,179.6839842,,
,633,179.1462379,,
,634,177.9757912,,
,635,176.6902867,,
,636,181.6463412,,
,637,180.1466359,,
,638,177.4200782,,
,639,177.4098425,,
,640,179.3284306,,
,641,183.3380431,,
,642,179.4808173,,
,643,176.9937141,,
,644,179.5085139,,
,645,179.4545529,,
,646,174.6062267,,
,647,179.8914103,,
,648,179.5381309,,
,649,181.3924127,,
,650,183.6979122,,
,651,182.2531301,,
,652,179.4622226,,
,653,177.7869482,,
,654,185.1467196,,
,655,180.1184369,,
,656,180.0278586,,
,657,179.9517498,,
,658,180.3961695,,
,659,179.7112792,,
,660,178.852676,,
,661,178.9062821,,
,662,179.9344935,,
,663,178.9131505,,
,664,178.5743084,,
,665,180.2128605,,
,666,179.4900456,,
,667,183.007986,,
,668,174.6980604,,
,669,182.1830137,,
,670,182.4921704,,
,671,175.8532195,,
,672,179.3146248,,
,673,179.2571183,,
,674,177.1849766,,
,675,178.4443666,,
,676,177.7788483,,
,677,183.5045409,,
,678,181.8713568,,
,679,182.5431102,,
,680,181.4433441,,
,681,177.7418965,,
,682,178.9509595,,
,683,180.9787491,,
,684,177.5557444,,
,685,181.4259969,,
,686,179.5193492,,
,687,179.2503584,,
,688,181.4219199,,
,689,180.8885266,,
,690,179.2780677,,
,691,182.3186596,,
,692,177.8378733,,
,693,181.2318712,,
,694,181.1862025,,
,695,179.3809071,,
,696,180.652266,,
,697,177.4977728,,
,698,181.848054,,
,699,179.6301957,,
,700,178.954554,,
,701,182.0980185,,
,702,178.5913126,,
,703,177.1830774,,
,704,176.8867417,,
,705,181.2120199,,
,706,177.4391413,,
,707,183.5095884,,
,708,175.8361412,,
,709,183.3929127,,
,710,180.4220349,,
,711,179.8065738,,
,712,178.9101618,,
,713,180.7982722,,
,714,179.9247306,,
,715,182.2066038,,
,716,180.2284553,,
,717,180.3006035,,
,718,179.2727756,,
,719,179.8861088,,
,720,180.6156035,,
,721,176.5796632,,
,722,177.3036292,,
,723,181.4865282,,
,724,180.3417309,,
,725,179.6320333,,
,726,180.0368679,,
,727,180.6951634,,
,728,178.9204806,,
,729,178.4433905,,
,730,180.3916905,,
,731,178.0432544,,
,732,180.8165055,,
,733,176.5948328,,
,734,182.0583113,,
,735,180.945195,,
,736,180.5120595,,
,737,181.965382,,
,738,183.3309489,,
,739,182.0287401,,
,740,176.3182515,,
,741,177.4408461,,
,742,178.7503628,,
,743,180.0521821,,
,744,181.035318,,
,745,178.5485124,,
,746,180.3735335,,
,747,178.4892341,,
,748,178.7769644,,
,749,177.1866778,,
,750,178.1535335,,
,751,177.2966308,,
,752,178.0482535,,
,753,182.1072836,,
,754,178.1012022,,
,755,185.2647641,,
,756,180.9866358,,
,757,180.3696722,,
,758,178.2832844,,
,759,181.4006198,,
,760,178.8487243,,
,761,180.2440196,,
,762,185.1201691,,
,763,179.8078802,,
,764,182.2985467,,
,765,178.5936471,,
,766,179.930023,,
,767,183.5416013,,
,768,178.7460659,,
,769,183.6248971,,
,770,181.4155039,,
,771,178.8750664,,
,772,181.2648155,,
,773,181.9451089,,
,774,181.2436199,,
,775,176.8595506,,
,776,178.5457256,,
,777,179.5049627,,
,778,179.8511331,,
,779,181.2413442,,
,780,180.355402,,
,781,177.3293113,,
,782,180.7603957,,
,783,181.2211715,,
,784,181.1195809,,
,785,182.1615615,,
,786,181.6678443,,
,787,180.9183602,,
,788,179.8596686,,
,789,176.6780781,,
,790,180.8592364,,
,791,180.4153754,,
,792,180.5431577,,
,793,177.4465028,,
,794,177.8378869,,
,795,182.1063057,,
,796,179.9208897,,
,797,181.3630014,,
,798,180.0566368,,
,799,180.0595123,,
,800,181.8765676,,
,801,178.9679105,,
,802,180.1922416,,
,803,179.0754494,,
,804,179.1310075,,
,805,179.3816558,,
,806,180.4442675,,
,807,179.0425028,,
,808,182.5115123,,
,809,178.2107854,,
,810,179.6262567,,
,811,179.1205379,,
,812,182.8939558,,
,813,180.3931096,,
,814,182.0636891,,
,815,177.0288793,,
,816,180.5341005,,
,817,181.7792616,,
,818,180.164568,,
,819,182.1309608,,
,820,178.9654231,,
,821,182.8186949,,
,822,184.5977962,,
,823,179.2743229,,
,824,179.108995,,
,825,182.906769,,
,826,183.1591443,,
,827,178.9542799,,
,828,179.1596264,,
,829,179.4364308,,
,830,177.311099,,
,831,178.1626961,,
,832,177.9917185,,
,833,178.4644049,,
,834,179.9306302,,
,835,180.4684295,,
,836,183.101001,,
,837,178.0032919,,
,838,181.9686448,,
,839,179.5720223,,
,840,179.9010726,,
,841,181.349639,,
,842,177.754556,,
,843,180.7648195,,
,844,180.3329044,,
,845,180.9849025,,
,846,180.5783373,,
,847,184.9106003,,
,848,178.72452,,
,849,178.9380061,,
,850,178.7537189,,
,851,178.8890458,,
,852,178.7252257,,
,853,182.3780331,,
,854,182.8410085,,
,855,178.8585074,,
,856,178.3352889,,
,857,180.9428311,,
,858,178.8955539,,
,859,181.2658636,,
,860,180.405846,,
,861,176.9685118,,
,862,183.0950104,,
,863,183.5917553,,
,864,178.7744226,,
,865,179.2245969,,
,866,180.5717308,,
,867,180.6689136,,
,868,181.3170885,,
,869,184.0204091,,
,870,179.6461055,,
,871,178.4034055,,
,872,177.2413615,,
,873,178.5381399,,
,874,179.9337461,,
,875,183.5891157,,
,876,178.9647774,,
,877,180.4475759,,
,878,179.9671542,,
,879,182.3767865,,
,880,185.0538649,,
,881,178.9382625,,
,882,179.0211211,,
,883,182.0883218,,
,884,181.363783,,
,885,183.6934147,,
,886,181.1678564,,
,887,179.2814158,,
,888,181.1813097,,
,889,182.2174072,,
,890,181.6409644,,
,891,181.0145481,,
,892,182.1333494,,
,893,182.3385912,,
,894,182.764318,,
,895,181.2974198,,
,896,179.6657638,,
,897,180.2934274,,
,898,182.4130179,,
,899,178.3661287,,
,900,180.7373466,,
,901,179.2133224,,
,902,180.0574896,,
,903,182.5569037,,
,904,180.3821981,,
,905,180.0928731,,
,906,177.2802877,,
,907,181.4925071,,
,908,181.2909684,,
,909,184.3265094,,
,910,179.3844435,,
,911,180.4383007,,
,912,180.4987674,,
,913,183.1549066,,
,914,179.8094089,,
,915,180.5580431,,
,916,181.215793,,
,917,180.3732182,,
,918,179.1071328,,
,919,180.38818,,
,920,182.1472635,,
,921,177.9469694,,
,922,180.2659393,,
,923,178.5997584,,
,924,182.3900933,,
,925,176.9536262,,
,926,178.8821563,,
,927,180.7544238,,
,928,183.1310481,,
,929,179.8684995,,
,930,178.8896009,,
,931,183.7623141,,
,932,177.1039722,,
,933,175.6023881,,
,934,180.8800289,,
,935,178.9958916,,
,936,177.9575344,,
,937,181.4167129,,
,938,180.4876014,,
,939,178.8718427,,
,940,177.4393912,,
,941,181.7449147,,
,942,181.3004024,,
,943,179.8016483,,
,944,183.693274,,
,945,177.8598305,,
,946,176.9489497,,
,947,178.6161839,,
,948,179.908828,,
,949,180.4866789,,
,950,179.5175279,,
,951,180.7041108,,
,952,177.4969212,,
,953,182.8875292,,
,954,179.8356976,,
,955,182.2345917,,
,956,180.6854507,,
,957,180.9135064,,
,958,181.1395346,,
,959,180.8954171,,
,960,181.2854455,,
,961,182.6583051,,
,962,180.3930423,,
,963,181.4180075,,
,964,179.8205286,,
,965,182.8802344,,
,966,178.6472154,,
,967,183.6018809,,
,968,179.9196841,,
,969,177.1384498,,
,970,180.2562088,,
,971,178.6378967,,
,972,181.6812871,,
,973,178.694752,,
,974,179.1076331,,
,975,176.2209185,,
,976,179.0953874,,
,977,175.1522413,,
,978,176.8321944,,
,979,181.5208293,,
,980,181.5716003,,
,981,180.8509151,,
,982,178.0660477,,
,983,179.9045773,,
,984,179.9927949,,
,985,177.6832706,,
,986,183.0067966,,
,987,181.7547246,,
,988,179.5580717,,
,989,180.0537717,,
,990,180.4167656,,
,991,175.9165303,,
,992,179.5056452,,
,993,178.6360315,,
,994,177.99676,,
,995,179.4377994,,
,996,183.5953731,,
,997,181.2816857,,
,998,178.857642,,
,999,181.1451656,,
,1000,182.7987109,,
,1001,181.8492674,,
,1002,180.1192607,,
,1003,178.7061264,,
,1004,181.3964466,,
,1005,180.7869708,,
,1006,181.7903864,,
,1007,181.2703436,,
,1008,182.0991054,,
,1009,178.9295296,,
,1010,182.6347881,,
,1011,180.3951992,,
,1012,184.1505217,,
,1013,178.6216244,,
,1014,183.4719276,,
,1015,180.3958216,,
,1016,178.697164,,
,1017,179.0322283,,
,1018,179.3593054,,
,1019,180.8483319,,
,1020,181.045671,,
,1021,178.8526,,
,1022,179.9512908,,
,1023,184.2845407,,
,1024,183.4550863,,
,1025,180.8726473,,
,1026,180.076007,,
,1027,180.2400627,,
,1028,181.2270359,,
,1029,177.9544149,,
,1030,179.4852469,,
,1031,176.6628319,,
,1032,180.7984462,,
,1033,181.2943919,,
,1034,179.0336271,,
,1035,183.1479735,,
,1036,177.5484687,,
,1037,177.0712502,,
,1038,180.4489036,,
,1039,182.0941966,,
,1040,183.3678554,,
,1041,179.0822315,,
,1042,182.1573617,,
,1043,179.9229831,,
,1044,179.6547454,,
,1045,181.7673199,,
,1046,181.3046458,,
,1047,176.8472157,,
,1048,182.9530807,,
,1049,182.7601827,,
,1050,178.7488746,,
,1051,180.7916071,,
,1052,180.9880604,,
,1053,180.5213475,,
,1054,178.8993897,,
,1055,178.6567533,,
,1056,179.9488919,,
,1057,182.345458,,
,1058,181.0872003,,
,1059,179.2587713,,
,1060,181.5433974,,
,1061,174.3029148,,
,1062,182.2975314,,
,1063,176.5205724,,
,1064,179.2751181,,
,1065,177.7606602,,
,1066,177.410637,,
,1067,182.3216536,,
,1068,179.0645976,,
,1069,180.6930078,,
,1070,179.9061588,,
,1071,180.9540817,,
,1072,180.1536438,,
,1073,177.4340156,,
,1074,181.9925336,,
,1075,179.0124868,,
,1076,176.8868362,,
,1077,179.1437697,,
,1078,183.0015196,,
,1079,181.7004435,,
,1080,179.3026957,,
,1081,179.3014846,,
,1082,179.3567299,,
,1083,184.153496,,
,1084,180.7638709,,
,1085,180.8600833,,
,1086,182.0605669,,
,1087,180.4775783,,
,1088,179.4819157,,
,1089,179.6073003,,
,1090,179.8567975,,
,1091,179.9255555,,
,1092,181.4552591,,
,1093,180.1038918,,
,1094,181.4652802,,
,1095,179.8385668,,
,1096,180.1572704,,
,1097,176.0035986,,
,1098,181.8326553,,
,1099,180.692977,,
,1100,181.9960202,,
,1101,174.2074892,,
,1102,184.1767494,,
,1103,179.7208207,,
,1104,182.2163656,,
,1105,177.9201881,,
,1106,181.2255478,,
,1107,177.8931689,,
,1108,178.7524621,,
,1109,183.8280627,,
,1110,179.6186352,,
,1111,180.4348657,,
,1112,181.7401355,,
,1113,180.9913638,,
,1114,180.3008378,,
,1115,180.729922,,
,1116,184.8068312,,
,1117,179.8847624,,
,1118,180.4021981,,
,1119,182.1013088,,
,1120,182.2110519,,
,1121,182.3740606,,
,1122,181.2774604,,
,1123,177.7139902,,
,1124,183.2668631,,
,1125,177.7073092,,
,1126,180.6052709,,
,1127,178.4914483,,
,1128,179.8717233,,
,1129,180.6575248,,
,1130,180.6427144,,
,1131,180.8438415,,
,1132,183.2274225,,
,1133,180.9070686,,
,1134,179.5116867,,
,1135,181.9281743,,
,1136,182.378941,,
,1137,177.5447844,,
,1138,181.1948001,,
,1139,181.4023455,,
,1140,179.404873,,
,1141,182.7514136,,
,1142,179.6998888,,
,1143,180.2511529,,
,1144,179.6538564,,
,1145,180.0311581,,
,1146,177.8074498,,
,1147,177.1198982,,
,1148,183.1890101,,
,1149,178.3060773,,
,1150,178.0172153,,
,1151,175.6932198,,
,1152,178.7220765,,
,1153,177.3538204,,
,1154,183.2840303,,
,1155,182.0196342,,
,1156,178.6236993,,
,1157,184.5048716,,
,1158,181.963531,,
,1159,179.3503372,,
,1160,175.0011886,,
,1161,184.5818851,,
,1162,177.2208551,,
,1163,176.7092025,,
,1164,182.0451409,,
,1165,184.8795048,,
,1166,182.7685456,,
,1167,181.1278182,,
,1168,181.1895087,,
,1169,181.7068311,,
,1170,181.5178572,,
,1171,180.5623828,,
,1172,180.2084022,,
,1173,179.8748137,,
,1174,178.4920708,,
,1175,179.4386498,,
,1176,176.6140864,,
,1177,179.8033207,,
,1178,178.0228178,,
,1179,177.7928214,,
,1180,180.3597883,,
,1181,182.7840046,,
,1182,181.8366332,,
,1183,176.8589988,,
,1184,178.0207437,,
,1185,181.8815424,,
,1186,178.0350252,,
,1187,179.5507337,,
,1188,181.1001042,,
,1189,178.0633111,,
,1190,180.210751,,
,1191,177.331949,,
,1192,178.7972647,,
,1193,180.6395639,,
,1194,176.8140125,,
,1195,180.8809495,,
,1196,179.9607244,,
,1197,181.1049799,,
,1198,180.4478283,,
,1199,182.7282809,,
,1200,180.250449,,
,1201,179.1411889,,
,1202,180.244595,,
,1203,181.0865961,,
,1204,180.0977201,,
,1205,180.0811834,,
,1206,178.5960166,,
,1207,178.6741982,,
,1208,177.1947895,,
,1209,183.4991535,,
,1210,177.5122735,,
,1211,178.6141896,,
,1212,178.5631855,,
,1213,181.7898488,,
,1214,179.4101006,,
,1215,182.4954841,,
,1216,178.6530188,,
,1217,180.5579883,,
,1218,178.3293059,,
,1219,184.2902983,,
,1220,177.6248032,,
,1221,180.6196414,,
,1222,181.2675538,,
,1223,180.8275982,,
,1224,179.6294247,,
,1225,179.7403586,,
,1226,180.0876229,,
,1227,179.705996,,
,1228,181.9277582,,
,1229,184.421046,,
,1230,178.8850164,,
,1231,177.260394,,
,1232,179.8234359,,
,1233,185.1594187,,
,1234,178.3926509,,
,1235,183.2782336,,
,1236,183.3554016,,
,1237,178.8928235,,
,1238,181.1379662,,
,1239,183.2567932,,
,1240,179.2417445,,
,1241,179.5928393,,
,1242,178.8366382,,
,1243,177.9704865,,
,1244,178.7014449,,
,1245,177.5521195,,
,1246,180.0681669,,
,1247,178.4600535,,
,1248,180.4675718,,
,1249,176.8882087,,
,1250,180.6617605,,
,1251,181.6670579,,
,1252,176.0125287,,
,1253,180.7481131,,
,1254,182.455338,,
,1255,177.580718,,
,1256,183.3451448,,
,1257,180.838038,,
,1258,178.5899763,,
,1259,179.8884618,,
,1260,181.1166538,,
,1261,180.1520108,,
,1262,181.077512,,
,1263,178.1586528,,
,1264,180.3387216,,
,1265,177.172571,,
,1266,179.7775479,,
,1267,178.1921847,,
,1268,178.5289401,,
,1269,182.4721864,,
,1270,182.1826202,,
,1271,181.2182762,,
,1272,177.8153745,,
,1273,179.3671831,,
,1274,182.4261954,,
,1275,180.2834338,,
,1276,184.6386591,,
,1277,180.7866357,,
,1278,180.3840982,,
,1279,179.3817671,,
,1280,180.2670818,,
,1281,179.6950603,,
,1282,181.4162174,,
,1283,181.9134046,,
,1284,178.4280211,,
,1285,177.3375341,,
,1286,176.3275893,,
,1287,181.0159827,,
,1288,177.7932668,,
,1289,175.6942188,,
,1290,180.7771572,,
,1291,184.985999,,
,1292,179.9878582,,
,1293,181.6769815,,
,1294,180.1636587,,
,1295,179.8022207,,
,1296,181.838153,,
,1297,179.4194509,,
,1298,180.5347846,,
,1299,180.6433956,,
,1300,178.6638191,,
,1301,181.9840847,,
,1302,179.6500805,,
,1303,178.4885097,,
,1304,181.0730197,,
,1305,178.203064,,
,1306,180.0563623,,
,1307,179.981762,,
,1308,182.1717911,,
,1309,180.9493965,,
,1310,179.9499461,,
,1311,181.6355326,,
,1312,182.7804151,,
,1313,181.1156206,,
,1314,180.0207052,,
,1315,177.3763275,,
,1316,177.8697727,,
,1317,179.3895506,,
,1318,178.7809756,,
,1319,179.6260574,,
,1320,180.1132998,,
,1321,181.0593855,,
,1322,179.8590024,,
,1323,180.9730033,,
,1324,180.1289488,,
,1325,176.0490669,,
,1326,178.1213292,,
,1327,179.7118249,,
,1328,177.5806105,,
,1329,181.1998575,,
,1330,183.0615017,,
,1331,182.4375237,,
,1332,179.5731143,,
,1333,182.9814523,,
,1334,180.2973349,,
,1335,179.3258281,,
,1336,178.7731947,,
,1337,179.3950606,,
,1338,179.2236464,,
,1339,180.3408324,,
,1340,180.321148,,
,1341,180.006092,,
,1342,180.8738763,,
,1343,182.3812925,,
,1344,181.8991083,,
,1345,177.0302041,,
,1346,174.8921577,,
,1347,181.8686398,,
,1348,177.2662426,,
,1349,179.5504692,,
,1350,177.6597739,,
,1351,176.3960391,,
,1352,181.0829255,,
,1353,181.5183103,,
,1354,178.8469792,,
,1355,174.8179154,,
,1356,178.9075111,,
,1357,180.783608,,
,1358,177.0421769,,
,1359,180.3667198,,
,1360,179.9693803,,
,1361,181.158583,,
,1362,180.2391607,,
,1363,178.0538621,,
,1364,182.393143,,
,1365,179.6829409,,
,1366,179.9453909,,
,1367,178.1334641,,
,1368,179.1134355,,
,1369,178.2303946,,
,1370,179.6541079,,
,1371,183.423417,,
,1372,177.2561977,,
,1373,176.7728772,,
,1374,182.9423407,,
,1375,179.5813526,,
,1376,178.6618545,,
,1377,182.0798094,,
,1378,178.7887689,,
,1379,183.6520194,,
,1380,181.3558517,,
,1381,179.0241772,,
,1382,184.3146164,,
,1383,178.7885702,,
,1384,181.4841907,,
,1385,180.5985852,,
,1386,182.6034826,,
,1387,183.1230224,,
,1388,180.0640083,,
,1389,178.4931643,,
,1390,180.9199443,,
,1391,178.6445693,,
,1392,184.0267745,,
,1393,180.2730707,,
,1394,179.2693569,,
,1395,180.3693606,,
,1396,177.3057474,,
,1397,178.0567719,,
,1398,182.4008278,,
,1399,178.6862114,,
,1400,177.906178,,
,1401,181.0733055,,
,1402,182.3714083,,
,1403,181.4379066,,
,1404,181.9920954,,
,1405,178.4864098,,
,1406,177.1563787,,
,1407,183.0026673,,
,1408,179.3546403,,
,1409,179.498334,,
,1410,182.6563883,,
,1411,181.11246,,
,1412,180.9117755,,
,1413,184.3300047,,
,1414,178.7129635,,
,1415,181.8556803,,
,1416,180.1140262,,
,1417,180.5371846,,
,1418,183.0569369,,
,1419,181.0156715,,
,1420,181.0765922,,
,1421,182.1450147,,
,1422,179.2700945,,
,1423,178.3215807,,
,1424,177.9103816,,
,1425,176.0672868,,
,1426,184.1124143,,
,1427,177.7935833,,
,1428,179.5574928,,
,1429,179.4463734,,
,1430,180.6148134,,
,1431,181.6314744,,
,1432,181.720947,,
,1433,178.8338451,,
,1434,179.6657566,,
,1435,180.5651599,,
,1436,179.5026177,,
,1437,183.2146912,,
,1438,180.9819499,,
,1439,181.4697556,,
,1440,181.3257625,,
,1441,182.3469477,,
,1442,180.3620431,,
,1443,177.4063361,,
,1444,180.7993759,,
,1445,178.6972862,,
,1446,178.9427666,,
,1447,181.172728,,
,1448,182.4765661,,
,1449,180.0425432,,
,1450,180.617666,,
,1451,183.4044299,,
,1452,180.4815064,,
,1453,185.2033662,,
,1454,181.1310193,,
,1455,176.4784745,,
,1456,181.5066832,,
,1457,180.7623168,,
,1458,182.5795055,,
,1459,181.3463627,,
,1460,179.723088,,
,1461,177.5514035,,
,1462,179.5819535,,
,1463,178.2989591,,
,1464,178.8389531,,
,1465,181.1771568,,
,1466,183.339809,,
,1467,180.7893431,,
,1468,177.6082339,,
,1469,180.8892053,,
,1470,182.393263,,
,1471,178.7804342,,
,1472,179.7319657,,
,1473,180.0293764,,
,1474,178.4302034,,
,1475,181.2965609,,
,1476,179.7581037,,
,1477,180.8390649,,
,1478,178.2250156,,
,1479,179.1250834,,
,1480,181.4447627,,
,1481,179.2543337,,
,1482,183.4539277,,
,1483,179.2007276,,
,1484,180.4493695,,
,1485,181.8651817,,
,1486,177.1632685,,
,1487,176.4783824,,
,1488,176.9486874,,
,1489,182.5251682,,
,1490,178.8962837,,
,1491,185.1163986,,
,1492,178.8715048,,
,1493,180.3691026,,
,1494,183.0842199,,
,1495,184.0121858,,
,1496,184.1230072,,
,1497,182.4167325,,
,1498,182.0481251,,
,1499,181.1850539,,
,1500,181.5567222,,
,1501,178.8976286,,
,1502,178.3636022,,
,1503,179.9932511,,
,1504,179.6596308,,
,1505,179.0935439,,
,1506,181.3927749,,
,1507,181.9106104,,
,1508,180.1768138,,
,1509,182.9550602,,
,1510,177.7166218,,
,1511,179.6126811,,
,1512,178.5663554,,
,1513,176.2669268,,
,1514,179.8346386,,
,1515,179.756505,,
,1516,183.0268995,,
,1517,181.2616234,,
,1518,177.9516264,,
,1519,183.7081851,,
,1520,182.4420674,,
,1521,181.1641954,,
,1522,179.5470318,,
,1523,178.0811215,,
,1524,179.2555864,,
,1525,182.1774972,,
,1526,183.7691726,,
,1527,183.0864871,,
,1528,179.0223012,,
,1529,177.7607651,,
,1530,180.2817725,,
,1531,176.4631213,,
,1532,180.6463354,,
,1533,179.7047948,,
,1534,179.067927,,
,1535,176.8105939,,
,1536,181.0272002,,
,1537,178.9345983,,
,1538,177.6601663,,
,1539,174.2554756,,
,1540,179.9449702,,
,1541,183.5445032,,
,1542,183.3225184,,
,1543,179.0858075,,
,1544,178.7955759,,
,1545,180.9375485,,
,1546,178.0032291,,
,1547,180.6035838,,
,1548,181.5321606,,
,1549,182.4538664,,
,1550,179.7996918,,
,1551,179.5926525,,
,1552,178.2440348,,
,1553,178.3462393,,
,1554,179.5470422,,
,1555,180.734731,,
,1556,181.8271693,,
,1557,178.3936421,,
,1558,182.9853771,,
,1559,179.4577528,,
,1560,179.9572654,,
,1561,178.5055766,,
,1562,175.1515195,,
,1563,181.7680908,,
,1564,181.4736878,,
,1565,179.4373449,,
,1566,180.1339814,,
,1567,181.0318784,,
,1568,176.8749083,,
,1569,178.9418946,,
,1570,181.5885294,,
,1571,177.4914212,,
,1572,180.5871159,,
,1573,177.2868364,,
,1574,180.93286,,
,1575,179.928717,,
,1576,176.7697364,,
,1577,182.3294787,,
,1578,178.5308168,,
,1579,178.3794951,,
,1580,180.4011384,,
,1581,182.2972747,,
,1582,177.9683564,,
,1583,180.1233597,,
,1584,180.857633,,
,1585,181.3862112,,
,1586,180.3528831,,
,1587,179.2659443,,
,1588,178.3448196,,
,1589,180.1722878,,
,1590,177.855722,,
,1591,174.157299,,
,1592,180.8731196,,
,1593,181.8078697,,
,1594,175.2741351,,
,1595,177.9805386,,
,1596,181.2383085,,
,1597,184.1149909,,
,1598,180.0415874,,
,1599,178.5439941,,
,1600,179.6342071,,
,1601,182.7497528,,
,1602,178.7080716,,
,1603,178.401616,,
,1604,179.034513,,
,1605,178.0933428,,
,1606,180.2453406,,
,1607,183.2493569,,
,1608,180.6461585,,
,1609,179.495293,,
,1610,179.4163775,,
,1611,176.8736184,,
,1612,181.7662196,,
,1613,179.8443256,,
,1614,179.6390402,,
,1615,186.3862151,,
,1616,180.5975058,,
,1617,178.4964179,,
,1618,179.1472848,,
,1619,182.2968914,,
,1620,180.2265408,,
,1621,177.123444,,
,1622,181.8384579,,
,1623,178.6637118,,
,1624,183.7465956,,
,1625,182.1600961,,
,1626,179.1053562,,
,1627,182.5620327,,
,1628,180.135711,,
,1629,181.7055474,,
,1630,180.9694656,,
,1631,178.3072867,,
,1632,178.7129003,,
,1633,182.0599216,,
,1634,179.3304493,,
,1635,179.1927031,,
,1636,178.0897548,,
,1637,180.8471981,,
,1638,184.1250498,,
,1639,177.8649342,,
,1640,180.0484389,,
,1641,182.8244411,,
,1642,179.8407172,,
,1643,180.9047436,,
,1644,177.8752129,,
,1645,180.8566142,,
,1646,179.6257115,,
,1647,181.97146,,
,1648,182.3747721,,
,1649,185.1791273,,
,1650,181.1592663,,
,1651,180.6515926,,
,1652,180.3887686,,
,1653,179.2936674,,
,1654,180.6769677,,
,1655,179.4091972,,
,1656,180.336922,,
,1657,182.6351951,,
,1658,177.9869149,,
,1659,182.2797571,,
,1660,182.6342301,,
,1661,179.7638629,,
,1662,175.7562902,,
,1663,178.784356,,
,1664,182.5939891,,
,1665,179.9542639,,
,1666,178.0013955,,
,1667,178.9904502,,
,1668,181.6812401,,
,1669,181.0934671,,
,1670,179.5221358,,
,1671,179.2663512,,
,1672,179.2164837,,
,1673,178.1551796,,
,1674,183.2307514,,
,1675,179.3553591,,
,1676,182.434317,,
,1677,183.0426321,,
,1678,181.9966218,,
,1679,179.1367594,,
,1680,180.8074602,,
,1681,179.9516088,,
,1682,178.1925963,,
,1683,180.6487186,,
,1684,177.6419204,,
,1685,182.3753588,,
,1686,179.0707654,,
,1687,180.4023193,,
,1688,180.5665757,,
,1689,179.4821901,,
,1690,181.1733876,,
,1691,179.0501927,,
,1692,181.7425946,,
,1693,177.3080406,,
,1694,180.2527592,,
,1695,183.877858,,
,1696,177.9993374,,
,1697,178.6445101,,
,1698,181.0278157,,
,1699,180.3591636,,
,1700,180.7012602,,
,1701,180.9783743,,
,1702,181.2694429,,
,1703,182.2193997,,
,1704,180.8196373,,
,1705,179.5174847,,
,1706,181.3451474,,
,1707,183.7997639,,
,1708,179.7347325,,
,1709,178.0509414,,
,1710,182.2141613,,
,1711,179.7592377,,
,1712,175.6546609,,
,1713,181.6948434,,
,1714,178.9293436,,
,1715,179.8189334,,
,1716,180.6639607,,
,1717,180.3809994,,
,1718,181.4189036,,
,1719,179.1290273,,
,1720,181.0262116,,
,1721,179.4809066,,
,1722,181.477621,,
,1723,181.230735,,
,1724,178.1291226,,
,1725,182.1719642,,
,1726,178.9280731,,
,1727,181.6161156,,
,1728,180.7345746,,
,1729,183.6763674,,
,1730,179.553068,,
,1731,179.3013664,,
,1732,179.9611608,,
,1733,179.3936404,,
,1734,181.5998838,,
,1735,176.7673788,,
,1736,177.8926352,,
,1737,177.8643942,,
,1738,181.9006152,,
,1739,183.4212267,,
,1740,179.7911016,,
,1741,179.6623566,,
,1742,180.1401043,,
,1743,182.3237566,,
,1744,178.1452937,,
,1745,180.476738,,
,1746,181.9503953,,
,1747,181.0021883,,
,1748,180.3791632,,
,1749,182.0020922,,
,1750,174.5935354,,
,1751,181.3557506,,
,1752,178.6918486,,
,1753,176.3387342,,
,1754,181.0224052,,
,1755,182.7473171,,
,1756,179.725103,,
,1757,181.9057491,,
,1758,183.2245565,,
,1759,182.6298289,,
,1760,183.2799291,,
,1761,181.484255,,
,1762,180.1508673,,
,1763,176.7960684,,
,1764,179.507875,,
,1765,178.3135068,,
,1766,184.3418854,,
,1767,179.6482284,,
,1768,180.2464096,,
,1769,181.1029708,,
,1770,180.0872049,,
,1771,183.3901021,,
,1772,178.7547013,,
,1773,180.3892149,,
,1774,178.5150588,,
,1775,177.359955,,
,1776,178.7764618,,
,1777,179.9259264,,
,1778,179.1413956,,
,1779,178.615158,,
,1780,177.1873651,,
,1781,179.8337889,,
,1782,176.9905593,,
,1783,181.5201119,,
,1784,180.1648795,,
,1785,177.084897,,
,1786,179.3815818,,
,1787,178.4956872,,
,1788,180.638349,,
,1789,182.6809009,,
,1790,176.2496551,,
,1791,180.2300522,,
,1792,179.6797344,,
,1793,181.3426802,,
,1794,180.4263933,,
,1795,178.4960613,,
,1796,179.3618921,,
,1797,178.4079483,,
,1798,182.1520143,,
,1799,180.0426233,,
,1800,183.8023814,,
,1801,179.8786784,,
,1802,178.5831865,,
,1803,176.9725712,,
,1804,176.3937206,,
,1805,176.8317281,,
,1806,180.5342533,,
,1807,181.01745,,
,1808,176.8376186,,
,1809,181.7900766,,
,1810,179.0338779,,
,1811,180.293586,,
,1812,183.2244413,,
,1813,181.7936786,,
,1814,179.4629387,,
,1815,178.2176155,,
,1816,175.6963692,,
,1817,178.5616934,,
,1818,179.5777395,,
,1819,178.0256409,,
,1820,179.7374861,,
,1821,180.1537038,,
,1822,179.550288,,
,1823,178.6999948,,
,1824,180.3373093,,
,1825,180.8838813,,
,1826,177.8192018,,
,1827,182.8218648,,
,1828,179.8028237,,
,1829,180.0376992,,
,1830,181.4164288,,
,1831,180.4664323,,
,1832,181.9062733,,
,1833,180.5742483,,
,1834,178.7751253,,
,1835,180.7230071,,
,1836,177.7125476,,
,1837,180.2171194,,
,1838,179.93354,,
,1839,179.5837663,,
,1840,179.742925,,
,1841,176.2363019,,
,1842,178.9025502,,
,1843,180.1856898,,
,1844,180.3197128,,
,1845,177.9446497,,
,1846,182.5314157,,
,1847,178.2676503,,
,1848,181.9389144,,
,1849,180.8543887,,
,1850,178.7075454,,
,1851,183.5506218,,
,1852,177.6127263,,
,1853,181.8383083,,
,1854,182.0011646,,
,1855,178.6587596,,
,1856,182.7849306,,
,1857,179.499907,,
,1858,180.5773873,,
,1859,180.5206437,,
,1860,179.7313825,,
,1861,181.6216165,,
,1862,181.5869774,,
,1863,176.5029361,,
,1864,182.6086805,,
,1865,176.675016,,
,1866,182.0650924,,
,1867,182.2534103,,
,1868,177.8180671,,
,1869,179.1783714,,
,1870,177.7885907,,
,1871,179.5701579,,
,1872,179.3839314,,
,1873,181.5593211,,
,1874,182.6206175,,
,1875,182.7913676,,
,1876,178.8756639,,
,1877,179.5815563,,
,1878,176.6331236,,
,1879,178.3882599,,
,1880,181.9297033,,
,1881,183.2311656,,
,1882,177.5313023,,
,1883,178.8150715,,
,1884,179.9471885,,
,1885,180.5603223,,
,1886,178.380793,,
,1887,180.8481221,,
,1888,179.0523213,,
,1889,179.9710955,,
,1890,181.0925685,,
,1891,180.0128445,,
,1892,179.1272282,,
,1893,179.7807804,,
,1894,179.8232741,,
,1895,179.2599779,,
,1896,179.4824079,,
,1897,183.1972943,,
,1898,181.1218389,,
,1899,179.4090394,,
,1900,181.3939088,,
,1901,179.332361,,
,1902,182.3462493,,
,1903,180.7392844,,
,1904,179.7853957,,
,1905,180.8954339,,
,1906,176.8582477,,
,1907,177.7464651,,
,1908,177.61215,,
,1909,180.2858862,,
,1910,183.46503,,
,1911,184.4626003,,
,1912,181.2761022,,
,1913,181.0016889,,
,1914,176.3978845,,
,1915,178.9146524,,
,1916,178.4244325,,
,1917,178.7583048,,
,1918,179.6637124,,
,1919,179.0558188,,
,1920,176.0414004,,
,1921,181.4958205,,
,1922,177.8545139,,
,1923,180.4784937,,
,1924,184.1481653,,
,1925,178.1612308,,
,1926,174.939425,,
,1927,179.4279916,,
,1928,182.2019193,,
,1929,183.9166949,,
,1930,177.5409008,,
,1931,180.9933984,,
,1932,179.0693791,,
,1933,179.7881033,,
,1934,185.2886867,,
,1935,176.9940593,,
,1936,180.5074793,,
,1937,180.9353863,,
,1938,182.1715726,,
,1939,180.1959663,,
,1940,180.6161011,,
,1941,179.2167029,,
,1942,180.5382539,,
,1943,179.3136154,,
,1944,181.2431438,,
,1945,179.2607793,,
,1946,180.7542008,,
,1947,179.9414744,,
,1948,182.2521005,,
,1949,179.8972126,,
,1950,176.4539351,,
,1951,182.523843,,
,1952,178.1885354,,
,1953,178.6924673,,
,1954,178.8086774,,
,1955,182.7488762,,
,1956,175.7286516,,
,1957,186.2754971,,
,1958,182.1121136,,
,1959,180.4464778,,
,1960,179.890212,,
,1961,180.5711081,,
,1962,181.0422449,,
,1963,181.2904312,,
,1964,181.1112089,,
,1965,180.1791614,,
,1966,179.6053232,,
,1967,179.6974534,,
,1968,179.6101834,,
,1969,182.2675402,,
,1970,181.1871134,,
,1971,174.1192227,,
,1972,181.3118016,,
,1973,180.3894724,,
,1974,179.9625825,,
,1975,179.2229631,,
,1976,182.2482254,,
,1977,181.8950529,,
,1978,178.4542447,,
,1979,180.8141046,,
,1980,178.0566865,,
,1981,177.2407637,,
,1982,178.7465656,,
,1983,181.7247869,,
,1984,181.9062501,,
,1985,181.0261708,,
,1986,181.4501916,,
,1987,181.0323566,,
,1988,178.7170368,,
,1989,180.8638451,,
,1990,181.6008191,,
,1991,181.5085827,,
,1992,182.3778267,,
,1993,181.4166077,,
,1994,180.7028964,,
,1995,182.1403005,,
,1996,179.9469575,,
,1997,178.2362507,,
,1998,179.6738661,,
,1999,178.5101947,,
,2000,178.6496435,,
,2001,179.7109627,,
,2002,178.4151602,,
,2003,179.3840769,,
,2004,176.2127707,,
,2005,180.4265874,,
,2006,180.002411,,
,2007,178.3658227,,
,2008,181.3184913,,
,2009,181.8751403,,
,2010,176.7848803,,
,2011,178.4745504,,
,2012,178.4617153,,
,2013,178.1201938,,
,2014,181.6589497,,
,2015,179.6123477,,
,2016,179.4709703,,
,2017,175.9922753,,
,2018,181.2708361,,
,2019,177.5214832,,
,2020,180.1198653,,
,2021,180.5547539,,
,2022,182.7213172,,
,2023,177.3823592,,
,2024,173.9609757,,
,2025,180.3676991,,
,2026,183.6010224,,
,2027,182.4778927,,
,2028,180.4193188,,
,2029,179.0167276,,
,2030,181.6142452,,
,2031,178.0529076,,
,2032,180.9527155,,
,2033,181.0109403,,
,2034,182.1204198,,
,2035,185.5193201,,
,2036,180.7848319,,
,2037,178.9820727,,
,2038,179.9488514,,
,2039,176.4618482,,
,2040,178.6105737,,
,2041,179.1814351,,
,2042,178.9518232,,
,2043,180.3047097,,
,2044,178.3551601,,
,2045,182.2420613,,
,2046,180.0004141,,
,2047,179.9813994,,
,2048,179.3442106,,
,2049,180.3103814,,
,2050,181.6501965,,
,2051,178.2657396,,
,2052,178.683767,,
,2053,179.3925479,,
,2054,177.3082582,,
,2055,178.3614843,,
,2056,179.0475583,,
,2057,181.7487784,,
,2058,180.5251227,,
,2059,180.3871798,,
,2060,181.7017959,,
,2061,179.7252564,,
,2062,180.7809297,,
,2063,179.7935565,,
,2064,180.5307247,,
,2065,178.8344827,,
,2066,175.1223657,,
,2067,179.7314417,,
,2068,182.8454963,,
,2069,181.8524308,,
,2070,181.930795,,
,2071,182.4722614,,
,2072,180.1773152,,
,2073,180.3946314,,
,2074,178.7646962,,
,2075,179.3678543,,
,2076,181.2315423,,
,2077,182.4077689,,
,2078,179.7211074,,
,2079,179.0996215,,
,2080,180.0010559,,
,2081,181.2024135,,
,2082,177.1122904,,
,2083,175.4076381,,
,2084,178.8989263,,
,2085,177.5585751,,
,2086,178.9837196,,
,2087,179.7044394,,
,2088,179.0935032,,
,2089,182.9049351,,
,2090,180.6534895,,
,2091,180.6009487,,
,2092,181.2444143,,
,2093,177.7223338,,
,2094,182.0782236,,
,2095,179.8484714,,
,2096,181.3409612,,
,2097,177.8562855,,
,2098,176.8924825,,
,2099,181.6357793,,
,2100,180.7528191,,
,2101,178.1958969,,
,2102,178.2606738,,
,2103,182.2508696,,
,2104,177.6211762,,
,2105,183.2853459,,
,2106,178.1987585,,
,2107,181.2767839,,
,2108,179.342763,,
,2109,181.2063749,,
,2110,178.911772,,
,2111,179.6744142,,
,2112,180.0818384,,
,2113,177.9956251,,
,2114,181.4816487,,
,2115,178.9735729,,
,2116,179.5428002,,
,2117,178.0113013,,
,2118,174.8753327,,
,2119,179.6179445,,
,2120,184.8252308,,
,2121,181.5692086,,
,2122,179.9614792,,
,2123,179.4742183,,
,2124,180.0449318,,
,2125,181.0942382,,
,2126,177.6383744,,
,2127,182.2286434,,
,2128,181.4307626,,
,2129,181.4363715,,
,2130,180.8769515,,
,2131,180.0392333,,
,2132,181.3457225,,
,2133,181.1836283,,
,2134,179.2919186,,
,2135,178.8527965,,
,2136,180.2037126,,
,2137,183.0980403,,
,2138,177.5217858,,
,2139,177.0649495,,
,2140,180.3295217,,
,2141,180.1017754,,
,2142,180.3466833,,
,2143,180.4879064,,
,2144,179.5535955,,
,2145,182.9797269,,
,2146,176.798192,,
,2147,178.343006,,
,2148,179.7934905,,
,2149,176.7136224,,
,2150,179.6482912,,
,2151,183.3229403,,
,2152,180.041773,,
,2153,180.4614018,,
,2154,177.4796705,,
,2155,178.7672772,,
,2156,179.2496072,,
,2157,179.3645698,,
,2158,182.5632876,,
,2159,181.1153821,,
,2160,177.7770841,,
,2161,180.4930096,,
,2162,180.9964435,,
,2163,182.2802981,,
,2164,183.1610814,,
,2165,177.9698116,,
,2166,178.378285,,
,2167,177.4848443,,
,2168,179.5319603,,
,2169,180.9327167,,
,2170,181.974669,,
,2171,179.848098,,
,2172,179.360305,,
,2173,180.303516,,
,2174,178.3297142,,
,2175,184.1790774,,
,2176,176.7846779,,
,2177,180.3694812,,
,2178,184.0472124,,
,2179,180.0135997,,
,2180,179.6199219,,
,2181,179.2851092,,
,2182,179.6392166,,
,2183,182.7456969,,
,2184,175.5762762,,
,2185,183.0668674,,
,2186,177.1520857,,
,2187,179.4666953,,
,2188,179.1415112,,
,2189,181.1771065,,
,2190,176.8037513,,
,2191,180.9243453,,
,2192,184.0486192,,
,2193,177.273652,,
,2194,180.3794123,,
,2195,178.6760356,,
,2196,180.8517744,,
,2197,180.0382956,,
,2198,178.7170262,,
,2199,180.9757446,,
,2200,183.6086962,,
,2201,179.6181924,,
,2202,181.4395159,,
,2203,177.4134541,,
,2204,178.0871272,,
,2205,180.9448126,,
,2206,182.9682321,,
,2207,180.7112267,,
,2208,179.3738839,,
,2209,179.9985828,,
,2210,177.4991845,,
,2211,181.2090307,,
,2212,181.7646661,,
,2213,179.0958193,,
,2214,179.0599157,,
,2215,180.5317565,,
,2216,179.1265605,,
,2217,179.8677348,,
,2218,184.1994436,,
,2219,179.5059486,,
,2220,179.2833197,,
,2221,178.7049164,,
,2222,181.4883839,,
,2223,179.6375517,,
,2224,178.7012539,,
,2225,182.6426081,,
,2226,182.839206,,
,2227,178.7991529,,
,2228,176.2669201,,
,2229,182.0150274,,
,2230,178.6307403,,
,2231,181.5812512,,
,2232,176.0597924,,
,2233,181.7851947,,
,2234,177.5776561,,
,2235,181.4615282,,
,2236,180.0285461,,
,2237,178.0921212,,
,2238,179.1859274,,
,2239,181.3726369,,
,2240,180.2117889,,
,2241,181.168826,,
,2242,183.9528812,,
,2243,176.8715168,,
,2244,183.2344251,,
,2245,180.2087119,,
,2246,178.2024319,,
,2247,177.3393727,,
,2248,179.6217592,,
,2249,181.8433002,,
,2250,179.7449018,,
,2251,183.0223099,,
,2252,177.0976486,,
,2253,179.9758221,,
,2254,177.4952131,,
,2255,180.7272638,,
,2256,181.7737748,,
,2257,179.1584764,,
,2258,174.7915723,,
,2259,180.3978963,,
,2260,180.8734771,,
,2261,180.8085895,,
,2262,182.4715644,,
,2263,177.8578926,,
,2264,181.3604322,,
,2265,182.385015,,
,2266,176.4428248,,
,2267,180.6393037,,
,2268,178.9916403,,
,2269,179.8369547,,
,2270,180.695353,,
,2271,179.0255429,,
,2272,178.6485838,,
,2273,180.0683048,,
,2274,177.8255081,,
,2275,177.8283497,,
,2276,181.3587466,,
,2277,177.7024119,,
,2278,181.332625,,
,2279,180.9251826,,
,2280,176.5483865,,
,2281,178.6448707,,
,2282,182.3882188,,
,2283,178.0376689,,
,2284,179.0711915,,
,2285,180.9241218,,
,2286,181.566781,,
,2287,179.4969222,,
,2288,178.8049796,,
,2289,182.8447397,,
,2290,183.4777993,,
,2291,181.9577161,,
,2292,180.1706363,,
,2293,178.3834686,,
,2294,178.3391112,,
,2295,181.0450282,,
,2296,180.8367964,,
,2297,182.8031972,,
,2298,181.3009002,,
,2299,176.9938394,,
,2300,182.1038952,,
,2301,178.0038787,,
,2302,179.2320575,,
,2303,180.5004004,,
,2304,183.991335,,
,2305,186.2198371,,
,2306,181.2134461,,
,2307,179.6336068,,
,2308,181.0690113,,
,2309,181.7753109,,
,2310,179.3586647,,
,2311,183.5904227,,
,2312,180.4601415,,
,2313,180.9954862,,
,2314,181.3318485,,
,2315,180.8431732,,
,2316,181.677881,,
,2317,178.7654936,,
,2318,178.8833965,,
,2319,177.7996915,,
,2320,180.8790025,,
,2321,181.557873,,
,2322,180.9155457,,
,2323,183.3489849,,
,2324,179.988808,,
,2325,181.3374833,,
,2326,177.8165982,,
,2327,179.2258006,,
,2328,181.3910755,,
,2329,181.6982042,,
,2330,179.4120661,,
,2331,179.8568015,,
,2332,176.9642525,,
,2333,179.2859416,,
,2334,181.7807663,,
,2335,181.15041,,
,2336,181.0013314,,
,2337,180.0995474,,
,2338,180.0141263,,
,2339,178.6793577,,
,2340,181.3976568,,
,2341,180.8419459,,
,2342,180.9840377,,
,2343,178.9479303,,
,2344,175.6933142,,
,2345,182.1943054,,
,2346,179.0423251,,
,2347,178.2744485,,
,2348,181.3869578,,
,2349,179.2159747,,
,2350,182.1198728,,
,2351,181.2340119,,
,2352,181.3671386,,
,2353,177.2680886,,
,2354,182.423888,,
,2355,180.5225011,,
,2356,179.2614457,,
,2357,180.2867769,,
,2358,176.4475295,,
,2359,180.8173056,,
,2360,177.941257,,
,2361,177.2946594,,
,2362,176.9552816,,
,2363,182.2253767,,
,2364,178.7414732,,
,2365,183.0674554,,
,2366,178.9283971,,
,2367,176.5852841,,
,2368,177.7669511,,
,2369,182.4716232,,
,2370,179.6882036,,
,2371,178.9034254,,
,2372,180.3200365,,
,2373,181.0035655,,
,2374,182.2347976,,
,2375,182.8969985,,
,2376,179.2804627,,
,2377,177.3479046,,
,2378,179.1730697,,
,2379,180.520561,,
,2380,178.0724821,,
,2381,178.0856982,,
,2382,180.6875758,,
,2383,179.9026953,,
,2384,180.065594,,
,2385,178.4830093,,
,2386,179.5391986,,
,2387,178.1515337,,
,2388,181.7803968,,
,2389,182.0704987,,
,2390,176.3076243,,
,2391,178.1409783,,
,2392,177.0069415,,
,2393,178.6999521,,
,2394,179.8331241,,
,2395,177.1007096,,
,2396,178.1562804,,
,2397,177.9920853,,
,2398,180.4145347,,
,2399,180.1386887,,
,2400,178.5565249,,
,2401,180.3536417,,
,2402,178.9066398,,
,2403,179.4566898,,
,2404,183.3469042,,
,2405,182.6809221,,
,2406,177.4008375,,
,2407,181.6594648,,
,2408,181.6227931,,
,2409,177.7034734,,
,2410,181.6375553,,
,2411,183.0758638,,
,2412,177.7549104,,
,2413,178.1649944,,
,2414,182.0353229,,
,2415,180.5429906,,
,2416,181.1029526,,
,2417,180.6811784,,
,2418,180.7813918,,
,2419,177.3470557,,
,2420,182.0946354,,
,2421,182.33918,,
,2422,179.5412185,,
,2423,179.9130461,,
,2424,176.937785,,
,2425,181.0285095,,
,2426,181.1441149,,
,2427,179.875618,,
,2428,182.2487067,,
,2429,179.3318455,,
,2430,181.1292119,,
,2431,177.9606713,,
,2432,179.9528957,,
,2433,179.6512915,,
,2434,180.4506158,,
,2435,179.2609461,,
,2436,179.7370548,,
,2437,181.6520943,,
,2438,179.1264715,,
,2439,176.7868458,,
,2440,183.4991678,,
,2441,182.7629082,,
,2442,177.4154746,,
,2443,181.3794156,,
,2444,178.9940505,,
,2445,180.5269744,,
,2446,180.5884483,,
,2447,179.5311844,,
,2448,178.4324687,,
,2449,178.6189179,,
,2450,178.1676162,,
,2451,178.3363556,,
,2452,179.8656434,,
,2453,178.56848,,
,2454,181.3641041,,
,2455,182.9744923,,
,2456,178.8398935,,
,2457,180.478809,,
,2458,180.9993702,,
,2459,180.9440045,,
,2460,180.1519105,,
,2461,181.4853648,,
,2462,180.9644979,,
,2463,177.5246752,,
,2464,181.7383121,,
,2465,181.7745817,,
,2466,178.4734278,,
,2467,180.0758757,,
,2468,181.366658,,
,2469,179.5813724,,
,2470,182.1459561,,
,2471,184.727745,,
,2472,178.4280279,,
,2473,177.2379108,,
,2474,180.6076372,,
,2475,181.443125,,
,2476,179.5382673,,
,2477,182.9065213,,
,2478,177.3227884,,
,2479,181.3858372,,
,2480,178.7882784,,
,2481,183.4387558,,
,2482,183.9850307,,
,2483,178.4666868,,
,2484,178.9008857,,
,2485,181.7191758,,
,2486,179.2257387,,
,2487,179.9091776,,
,2488,180.0507768,,
,2489,176.1606537,,
,2490,179.9723245,,
,2491,178.6205445,,
,2492,179.0137544,,
,2493,182.887264,,
,2494,177.4869862,,
,2495,181.6264104,,
,2496,179.4420741,,
,2497,179.4404797,,
,2498,181.5807438,,
,2499,180.6801026,,
,2500,181.141226,,
,2501,181.9363693,,
,2502,179.3373832,,
,2503,178.7755265,,
,2504,177.8296989,,
,2505,178.3491789,,
,2506,185.8981889,,
,2507,182.4893592,,
,2508,177.2978513,,
,2509,177.3550841,,
,2510,180.9637321,,
,2511,181.0945296,,
,2512,181.0977677,,
,2513,179.4900884,,
,2514,179.7490915,,
,2515,180.655759,,
,2516,180.171786,,
,2517,175.5613993,,
,2518,179.5404007,,
,2519,178.2971871,,
,2520,180.3504228,,
,2521,185.970518,,
,2522,180.7349633,,
,2523,179.3729406,,
,2524,181.843603,,
,2525,180.9653758,,
,2526,180.840189,,
,2527,181.2137012,,
,2528,184.1130871,,
,2529,177.7382231,,
,2530,180.9472642,,
,2531,178.1472377,,
,2532,181.1110253,,
,2533,178.162627,,
,2534,179.1652664,,
,2535,179.4098202,,
,2536,181.9516334,,
,2537,181.8369089,,
,2538,177.5085652,,
,2539,180.1098682,,
,2540,178.5808403,,
,2541,177.4829902,,
,2542,179.5659659,,
,2543,179.3830344,,
,2544,184.853433,,
,2545,180.8659197,,
,2546,177.244765,,
,2547,178.870452,,
,2548,182.0427666,,
,2549,184.1768855,,
,2550,176.8280334,,
,2551,176.2401512,,
,2552,183.7419304,,
,2553,180.7792284,,
,2554,178.2634145,,
,2555,181.0692582,,
,2556,174.7285045,,
,2557,180.006751,,
,2558,180.6556423,,
,2559,181.8485403,,
,2560,177.9722081,,
,2561,180.1713743,,
,2562,178.1491507,,
,2563,180.5107675,,
,2564,178.2093074,,
,2565,179.1837983,,
,2566,178.0083692,,
,2567,181.3022725,,
,2568,181.7169022,,
,2569,179.5307589,,
,2570,180.076476,,
,2571,177.1028172,,
,2572,179.4006467,,
,2573,179.8995908,,
,2574,185.2415862,,
,2575,177.7760659,,
,2576,182.9283545,,
,2577,181.9937175,,
,2578,180.5612728,,
,2579,183.517241,,
,2580,180.7442109,,
,2581,180.7783184,,
,2582,179.8937587,,
,2583,182.4471378,,
,2584,182.1929385,,
,2585,178.7486454,,
,2586,177.3615056,,
,2587,179.5940387,,
,2588,178.3999229,,
,2589,179.8729509,,
,2590,182.4748763,,
,2591,179.0853967,,
,2592,179.9143532,,
,2593,180.1160455,,
,2594,181.6968618,,
,2595,175.5062213,,
,2596,178.7865994,,
,2597,180.4225674,,
,2598,182.4001579,,
,2599,179.0161951,,
,2600,176.2468946,,
,2601,181.2394229,,
,2602,178.7292752,,
,2603,177.6206667,,
,2604,178.7513092,,
,2605,179.6309493,,
,2606,178.7905107,,
,2607,175.5888679,,
,2608,181.7941324,,
,2609,182.5497501,,
,2610,181.303044,,
,2611,177.7246287,,
,2612,179.5970169,,
,2613,179.9869574,,
,2614,181.1975888,,
,2615,181.336681,,
,2616,178.5316524,,
,2617,180.1639911,,
,2618,180.9145608,,
,2619,182.9116446,,
,2620,181.4090131,,
,2621,181.5781134,,
,2622,180.1676533,,
,2623,182.8209183,,
,2624,180.8195256,,
,2625,178.2778242,,
,2626,182.8067399,,
,2627,181.3958065,,
,2628,179.113912,,
,2629,179.0410141,,
,2630,180.5931511,,
,2631,180.9263696,,
,2632,180.3945845,,
,2633,180.6226173,,
,2634,183.3999147,,
,2635,182.1430863,,
,2636,180.3812712,,
,2637,181.8826212,,
,2638,177.9349522,,
,2639,180.7958541,,
,2640,183.6186127,,
,2641,179.5639082,,
,2642,178.3047321,,
,2643,178.6958222,,
,2644,177.8207339,,
,2645,178.4304762,,
,2646,179.2589838,,
,2647,177.188866,,
,2648,180.0312367,,
,2649,181.8045543,,
,2650,178.1844876,,
,2651,183.0385678,,
,2652,181.0215842,,
,2653,182.0611612,,
,2654,178.6843309,,
,2655,181.7090505,,
,2656,177.8161322,,
,2657,181.780495,,
,2658,180.3436787,,
,2659,181.1065024,,
,2660,177.6488108,,
,2661,178.2098603,,
,2662,181.1944564,,
,2663,178.103304,,
,2664,180.9264126,,
,2665,177.2657244,,
,2666,181.6963484,,
,2667,177.5349534,,
,2668,181.1045999,,
,2669,181.2512619,,
,2670,178.6064564,,
,2671,181.1640531,,
,2672,180.5208845,,
,2673,178.9223163,,
,2674,177.9828906,,
,2675,176.0747486,,
,2676,180.6993001,,
,2677,176.8703945,,
,2678,180.1906884,,
,2679,179.4731036,,
,2680,181.3582856,,
,2681,179.395909,,
,2682,179.3411044,,
,2683,181.4637414,,
,2684,180.6701161,,
,2685,180.6323119,,
,2686,180.9385352,,
,2687,176.9288558,,
,2688,181.5135774,,
,2689,181.2249376,,
,2690,177.9666337,,
,2691,179.5118391,,
,2692,179.9213854,,
,2693,179.7310064,,
,2694,180.6677199,,
,2695,182.8627336,,
,2696,182.1635335,,
,2697,177.3755616,,
,2698,181.24414,,
,2699,182.6578666,,
,2700,180.773617,,
,2701,182.1819609,,
,2702,184.0245409,,
,2703,182.0474191,,
,2704,180.4986172,,
,2705,182.0901769,,
,2706,180.2897757,,
,2707,180.0478061,,
,2708,179.2971715,,
,2709,183.1268267,,
,2710,178.3631427,,
,2711,183.0647354,,
,2712,180.9997282,,
,2713,177.2013877,,
,2714,180.7352986,,
,2715,175.799947,,
,2716,181.251016,,
,2717,181.770463,,
,2718,178.8152881,,
,2719,180.2470954,,
,2720,183.9083149,,
,2721,178.9885066,,
,2722,177.8821848,,
,2723,182.9633268,,
,2724,183.9251744,,
,2725,180.0073913,,
,2726,182.0229261,,
,2727,182.6829518,,
,2728,178.5150315,,
,2729,179.0293883,,
,2730,182.461749,,
,2731,183.3700286,,
,2732,181.1257617,,
,2733,178.2403713,,
,2734,183.9741222,,
,2735,178.9380582,,
,2736,179.3297244,,
,2737,180.6846757,,
,2738,183.1083208,,
,2739,181.707952,,
,2740,180.829731,,
,2741,180.9265771,,
,2742,180.0870293,,
,2743,181.116279,,
,2744,174.9408798,,
,2745,179.4067851,,
,2746,180.4826439,,
,2747,177.6979718,,
,2748,180.7726466,,
,2749,179.5910576,,
,2750,183.5109514,,
,2751,183.1460395,,
,2752,179.0683889,,
,2753,179.6983246,,
,2754,179.8521049,,
,2755,179.096681,,
,2756,180.39005,,
,2757,178.4834359,,
,2758,177.7387693,,
,2759,181.2454224,,
,2760,181.2590592,,
,2761,178.3913685,,
,2762,181.7907109,,
,2763,178.7368445,,
,2764,180.5063305,,
,2765,181.640688,,
,2766,179.9327749,,
,2767,180.9094818,,
,2768,178.9671407,,
,2769,179.6070668,,
,2770,179.5882811,,
,2771,178.5068433,,
,2772,179.6464517,,
,2773,176.9027634,,
,2774,179.0176925,,
,2775,179.430249,,
,2776,179.4876405,,
,2777,179.5170051,,
,2778,179.8764716,,
,2779,180.958883,,
,2780,181.7490341,,
,2781,178.7004695,,
,2782,177.5935983,,
,2783,177.9159112,,
,2784,179.0255942,,
,2785,179.2961574,,
,2786,178.4600079,,
,2787,177.4077667,,
,2788,179.0877583,,
,2789,180.3628532,,
,2790,181.1900589,,
,2791,178.8851539,,
,2792,179.1740044,,
,2793,178.1466034,,
,2794,179.9371217,,
,2795,178.3031427,,
,2796,181.1462556,,
,2797,176.428267,,
,2798,179.2807407,,
,2799,180.6022147,,
,2800,180.367669,,
,2801,185.3860673,,
,2802,180.6996,,
,2803,177.9918908,,
,2804,179.8090715,,
,2805,176.4475073,,
,2806,179.8388005,,
,2807,178.3338879,,
,2808,181.8307806,,
,2809,178.9009195,,
,2810,179.7664682,,
,2811,178.7288843,,
,2812,183.4777027,,
,2813,179.3575145,,
,2814,183.6651141,,
,2815,181.6283035,,
,2816,180.9641335,,
,2817,180.7374663,,
,2818,180.7875946,,
,2819,176.1446548,,
,2820,179.4422332,,
,2821,181.6903159,,
,2822,179.9022056,,
,2823,177.1896203,,
,2824,179.8951911,,
,2825,183.408211,,
,2826,182.4937834,,
,2827,179.875992,,
,2828,181.9028986,,
,2829,179.266986,,
,2830,176.5922568,,
,2831,178.151068,,
,2832,183.1257775,,
,2833,179.4520138,,
,2834,179.513232,,
,2835,179.4003236,,
,2836,183.8082732,,
,2837,183.2519178,,
,2838,184.4375605,,
,2839,179.6819096,,
,2840,180.591249,,
,2841,176.9667149,,
,2842,182.9538689,,
,2843,177.6644409,,
,2844,180.4335511,,
,2845,177.8053949,,
,2846,178.8222663,,
,2847,178.3254751,,
,2848,178.7842495,,
,2849,178.9217546,,
,2850,178.9034624,,
,2851,181.6666678,,
,2852,177.7902744,,
,2853,180.4410829,,
,2854,182.4359183,,
,2855,178.9736073,,
,2856,178.5641622,,
,2857,179.5389507,,
,2858,182.3594504,,
,2859,180.3882153,,
,2860,178.9375714,,
,2861,180.9677533,,
,2862,177.7954157,,
,2863,181.362719,,
,2864,180.8172146,,
,2865,179.3843831,,
,2866,178.3228284,,
,2867,178.2266382,,
,2868,181.0696347,,
,2869,182.457961,,
,2870,178.7253845,,
,2871,180.9167734,,
,2872,175.825946,,
,2873,178.8307645,,
,2874,179.9378821,,
,2875,178.1806332,,
,2876,178.1269873,,
,2877,178.6644409,,
,2878,180.5843855,,
,2879,179.625342,,
,2880,175.5235375,,
,2881,175.7585997,,
,2882,178.7862696,,
,2883,180.9153732,,
,2884,174.5049903,,
,2885,179.0005396,,
,2886,178.9475043,,
,2887,182.7766756,,
,2888,179.2299564,,
,2889,180.765978,,
,2890,180.2825143,,
,2891,175.738867,,
,2892,181.5364144,,
,2893,180.430793,,
,2894,181.0165373,,
,2895,187.8524754,,
,2896,175.8317741,,
,2897,183.4493933,,
,2898,179.425105,,
,2899,180.5746578,,
,2900,179.9089755,,
,2901,179.1515273,,
,2902,178.8603341,,
,2903,180.6590175,,
,2904,176.9656526,,
,2905,181.5011583,,
,2906,179.1676112,,
,2907,177.7398613,,
,2908,179.0999743,,
,2909,182.5142984,,
,2910,178.9293298,,
,2911,180.7169072,,
,2912,178.5380874,,
,2913,181.5158437,,
,2914,181.3710155,,
,2915,183.6972177,,
,2916,179.6488721,,
,2917,181.3373096,,
,2918,180.1961351,,
,2919,182.5917436,,
,2920,178.5623352,,
,2921,181.4900106,,
,2922,179.6106054,,
,2923,179.8716236,,
,2924,180.183505,,
,2925,180.5044808,,
,2926,179.7675419,,
,2927,180.4294264,,
,2928,183.1562361,,
,2929,181.9708994,,
,2930,181.7383092,,
,2931,179.0889209,,
,2932,178.2215183,,
,2933,181.9106011,,
,2934,181.7520936,,
,2935,182.9453414,,
,2936,178.7920387,,
,2937,179.5409027,,
,2938,176.7210317,,
,2939,179.2150578,,
,2940,181.993141,,
,2941,179.0670092,,
,2942,181.2809596,,
,2943,179.6189938,,
,2944,180.6481141,,
,2945,177.7046172,,
,2946,180.1704189,,
,2947,174.0177281,,
,2948,179.6262077,,
,2949,176.7390535,,
,2950,182.411989,,
,2951,181.5548147,,
,2952,180.933342,,
,2953,183.0420125,,
,2954,178.102167,,
,2955,183.4947264,,
,2956,181.8643831,,
,2957,179.5268894,,
,2958,182.2712403,,
,2959,177.787413,,
,2960,178.3509717,,
,2961,178.7828206,,
,2962,178.9420446,,
,2963,177.8868847,,
,2964,182.4461661,,
,2965,179.4822912,,
,2966,180.7050099,,
,2967,178.8592973,,
,2968,176.3587934,,
,2969,180.5401147,,
,2970,176.17549,,
,2971,179.8627319,,
,2972,177.2633699,,
,2973,183.974552,,
,2974,181.8227254,,
,2975,180.2115076,,
,2976,182.5274134,,
,2977,178.307368,,
,2978,181.0869588,,
,2979,180.3996209,,
,2980,180.5280402,,
,2981,182.544707,,
,2982,181.4649842,,
,2983,180.5774473,,
,2984,176.6902251,,
,2985,178.0799074,,
,2986,179.7545821,,
,2987,180.1867447,,
,2988,177.7395926,,
,2989,184.8233534,,
,2990,183.0327881,,
,2991,181.2042366,,
,2992,180.1440737,,
,2993,179.5755821,,
,2994,178.0961631,,
,2995,180.154961,,
,2996,180.5155051,,
,2997,177.5164788,,
,2998,180.6683528,,
,2999,179.6894819,,
,3000,176.1843849,,
,3001,178.27923,,
,3002,179.1727889,,
,3003,183.7753753,,
,3004,181.1131062,,
,3005,177.3290369,,
,3006,180.9720726,,
,3007,176.905392,,
,3008,182.1653821,,
,3009,179.0577507,,
,3010,179.8127276,,
,3011,182.6515933,,
,3012,177.4256729,,
,3013,177.2057636,,
,3014,178.8328013,,
,3015,182.0767577,,
,3016,176.9613078,,
,3017,174.3356888,,
,3018,179.0976823,,
,3019,181.1034816,,
,3020,182.4005235,,
,3021,179.0736773,,
,3022,179.1771468,,
,3023,182.3078015,,
,3024,176.2605166,,
,3025,179.2229584,,
,3026,180.3808478,,
,3027,180.8984374,,
,3028,178.9803866,,
,3029,180.068882,,
,3030,175.0233453,,
,3031,178.6835032,,
,3032,180.9070174,,
,3033,178.0354119,,
,3034,180.1179684,,
,3035,180.893745,,
,3036,179.3149016,,
,3037,180.3409275,,
,3038,178.0745349,,
,3039,179.5867774,,
,3040,181.2204323,,
,3041,180.3139459,,
,3042,178.8269375,,
,3043,180.4484328,,
,3044,181.4292196,,
,3045,175.9001174,,
,3046,182.3181481,,
,3047,179.3274905,,
,3048,180.8509799,,
,3049,182.3944938,,
,3050,177.2566526,,
,3051,178.581118,,
,3052,179.4229026,,
,3053,178.432493,,
,3054,183.4698732,,
,3055,178.2864558,,
,3056,178.8889064,,
,3057,180.4087781,,
,3058,177.5957009,,
,3059,179.2086386,,
,3060,180.6349065,,
,3061,179.3342792,,
,3062,179.8132263,,
,3063,178.9413358,,
,3064,176.9710594,,
,3065,180.6431864,,
,3066,183.5098661,,
,3067,180.0368033,,
,3068,180.4505282,,
,3069,181.3854455,,
,3070,177.461339,,
,3071,183.4050293,,
,3072,180.4046576,,
,3073,183.2637138,,
,3074,178.533934,,
,3075,183.6361238,,
,3076,181.550311,,
,3077,181.1060802,,
,3078,180.4680489,,
,3079,179.5029428,,
,3080,182.4010633,,
,3081,180.2807197,,
,3082,176.0658606,,
,3083,177.7656271,,
,3084,179.6283085,,
,3085,180.619998,,
,3086,179.886823,,
,3087,182.4379416,,
,3088,176.0977963,,
,3089,180.2871759,,
,3090,176.3640415,,
,3091,181.5194246,,
,3092,179.8110826,,
,3093,180.8392199,,
,3094,178.2722341,,
,3095,182.5589299,,
,3096,182.0834493,,
,3097,181.1670886,,
,3098,179.7409655,,
,3099,181.1597146,,
,3100,178.5862149,,
,3101,181.7111113,,
,3102,183.2989618,,
,3103,182.1412211,,
,3104,178.5407951,,
,3105,180.7228346,,
,3106,177.4137169,,
,3107,181.1447806,,
,3108,180.9012068,,
,3109,176.2603673,,
,3110,177.6764323,,
,3111,179.4337222,,
,3112,179.3982805,,
,3113,177.5810461,,
,3114,180.7779575,,
,3115,180.5029472,,
,3116,179.6114617,,
,3117,178.488417,,
,3118,182.0974143,,
,3119,183.3108142,,
,3120,179.032877,,
,3121,178.7756662,,
,3122,180.9824153,,
,3123,179.2839412,,
,3124,179.7212056,,
,3125,181.4793063,,
,3126,176.1812878,,
,3127,182.6366046,,
,3128,180.145361,,
,3129,179.1770137,,
,3130,179.8215317,,
,3131,179.9248587,,
,3132,176.5375974,,
,3133,182.9898765,,
,3134,180.0826513,,
,3135,180.8860043,,
,3136,181.9030995,,
,3137,177.9576751,,
,3138,180.9469438,,
,3139,179.4647178,,
,3140,181.6935416,,
,3141,175.7455452,,
,3142,179.8018114,,
,3143,178.7943587,,
,3144,180.8645259,,
,3145,180.9400884,,
,3146,178.5847482,,
,3147,178.5756523,,
,3148,179.7786693,,
,3149,178.2067155,,
,3150,181.6839674,,
,3151,179.2615856,,
,3152,174.1860236,,
,3153,179.2503559,,
,3154,177.9229124,,
,3155,176.7374484,,
,3156,177.5251467,,
,3157,180.2188169,,
,3158,182.6572817,,
,3159,180.6263689,,
,3160,178.7869932,,
,3161,180.9118084,,
,3162,179.0818194,,
,3163,178.6107993,,
,3164,177.6912747,,
,3165,176.4963424,,
,3166,179.2201526,,
,3167,180.316107,,
,3168,179.8067527,,
,3169,179.1680661,,
,3170,178.1085079,,
,3171,181.2164924,,
,3172,177.3657362,,
,3173,181.5520558,,
,3174,177.995566,,
,3175,178.4951295,,
,3176,177.0664296,,
,3177,178.9971957,,
,3178,181.9506249,,
,3179,181.0312562,,
,3180,181.9568442,,
,3181,181.0442851,,
,3182,177.7926603,,
,3183,179.3384216,,
,3184,178.4396017,,
,3185,182.6611498,,
,3186,177.6064227,,
,3187,181.7873954,,
,3188,181.7859077,,
,3189,183.6592404,,
,3190,179.1806268,,
,3191,181.4246443,,
,3192,184.5633037,,
,3193,178.7647166,,
,3194,176.9299195,,
,3195,176.2399799,,
,3196,181.4254241,,
,3197,176.2336996,,
,3198,179.2553619,,
,3199,180.8746264,,
,3200,180.3703511,,
,3201,180.8508897,,
,3202,180.4445797,,
,3203,182.5577316,,
,3204,178.0953672,,
,3205,178.6460097,,
,3206,178.4546811,,
,3207,181.6603836,,
,3208,181.8007972,,
,3209,180.9024506,,
,3210,182.3669873,,
,3211,177.6439183,,
,3212,183.3344482,,
,3213,183.0464772,,
,3214,181.471244,,
,3215,183.5635978,,
,3216,176.6867536,,
,3217,178.9511037,,
,3218,178.5293931,,
,3219,181.4429586,,
,3220,177.8997185,,
,3221,181.5149903,,
,3222,182.7410723,,
,3223,181.3904058,,
,3224,180.567502,,
,3225,178.0242533,,
,3226,178.3062981,,
,3227,182.4992378,,
,3228,181.558698,,
,3229,179.921961,,
,3230,179.1641809,,
,3231,175.9483843,,
,3232,177.8582952,,
,3233,183.8228382,,
,3234,177.4390889,,
,3235,180.3789596,,
,3236,182.0148879,,
,3237,177.4901547,,
,3238,180.3694209,,
,3239,181.8758311,,
,3240,180.0249986,,
,3241,185.7368061,,
,3242,176.6628015,,
,3243,182.1174571,,
,3244,179.6543965,,
,3245,181.5438403,,
,3246,180.8826143,,
,3247,178.5336876,,
,3248,180.4579928,,
,3249,176.2841971,,
,3250,181.206495,,
,3251,180.5963169,,
,3252,181.2773203,,
,3253,182.1162367,,
,3254,180.7352397,,
,3255,180.2961788,,
,3256,178.2378633,,
,3257,178.5755585,,
,3258,182.3734692,,
,3259,182.8726708,,
,3260,179.5237791,,
,3261,180.0920055,,
,3262,178.1907713,,
,3263,182.3455137,,
,3264,181.3308336,,
,3265,183.8824349,,
,3266,178.2433538,,
,3267,179.2439842,,
,3268,180.4628918,,
,3269,181.2929791,,
,3270,179.5686647,,
,3271,178.2540778,,
,3272,181.7628151,,
,3273,181.4422707,,
,3274,178.1674518,,
,3275,182.7108856,,
,3276,182.3403974,,
,3277,180.268593,,
,3278,180.1591957,,
,3279,181.1081155,,
,3280,178.2765939,,
,3281,180.060063,,
,3282,175.6952329,,
,3283,181.7529113,,
,3284,176.8770136,,
,3285,183.0068397,,
,3286,179.3397598,,
,3287,179.576666,,
,3288,178.7445322,,
,3289,179.4239223,,
,3290,182.8370627,,
,3291,175.0243827,,
,3292,182.5539308,,
,3293,180.676047,,
,3294,177.5859567,,
,3295,177.8493752,,
,3296,183.3527861,,
,3297,178.1089862,,
,3298,177.693299,,
,3299,182.2746291,,
,3300,180.6771058,,
,3301,178.1241488,,
,3302,180.43325,,
,3303,177.9484946,,
,3304,182.2016428,,
,3305,182.1227419,,
,3306,181.0640124,,
,3307,180.7233221,,
,3308,183.5223762,,
,3309,179.9993727,,
,3310,177.6362517,,
,3311,180.8989478,,
,3312,184.1720941,,
,3313,177.970481,,
,3314,179.2770745,,
,3315,180.8328921,,
,3316,179.8921903,,
,3317,178.0353928,,
,3318,182.2437157,,
,3319,184.6400814,,
,3320,180.3922629,,
,3321,178.1918634,,
,3322,176.9020789,,
,3323,180.515952,,
,3324,182.2077547,,
,3325,180.9503355,,
,3326,179.9951923,,
,3327,178.8214567,,
,3328,177.8156727,,
,3329,181.6695027,,
,3330,181.8275432,,
,3331,176.9085404,,
,3332,183.179678,,
,3333,181.1481424,,
,3334,182.7991893,,
,3335,177.3157445,,
,3336,177.2683517,,
,3337,179.7020614,,
,3338,181.0055689,,
,3339,183.5927216,,
,3340,181.4121578,,
,3341,179.5146374,,
,3342,177.9472616,,
,3343,182.4600011,,
,3344,178.0705891,,
,3345,183.2569371,,
,3346,179.4312307,,
,3347,183.1811641,,
,3348,181.3578626,,
,3349,179.726009,,
,3350,178.9612073,,
,3351,179.3181842,,
,3352,180.8566334,,
,3353,180.154313,,
,3354,178.8123772,,
,3355,179.6687372,,
,3356,180.1571541,,
,3357,175.7425318,,
,3358,180.9163362,,
,3359,178.0405576,,
,3360,177.6933352,,
,3361,176.6253113,,
,3362,176.412215,,
,3363,177.289105,,
,3364,178.5819581,,
,3365,183.9065183,,
,3366,178.9482406,,
,3367,180.3555002,,
,3368,180.8009628,,
,3369,180.2621304,,
,3370,179.8451131,,
,3371,177.6094125,,
,3372,182.9018551,,
,3373,183.6143933,,
,3374,176.6346826,,
,3375,177.9519428,,
,3376,179.4403793,,
,3377,178.0709244,,
,3378,181.0119311,,
,3379,178.5434556,,
,3380,184.3301121,,
,3381,182.3810972,,
,3382,180.4251481,,
,3383,182.0539725,,
,3384,182.2118008,,
,3385,178.872105,,
,3386,178.3675655,,
,3387,180.1562861,,
,3388,181.7232722,,
,3389,180.2781208,,
,3390,176.846007,,
,3391,178.3943511,,
,3392,179.8520543,,
,3393,179.8486688,,
,3394,183.9450844,,
,3395,177.2280241,,
,3396,181.0111785,,
,3397,182.9782262,,
,3398,184.5428995,,
,3399,179.1912052,,
,3400,180.9828589,,
,3401,181.1395207,,
,3402,180.3909635,,
,3403,179.8023096,,
,3404,180.8719508,,
,3405,174.9355078,,
,3406,181.364139,,
,3407,180.2523558,,
,3408,179.5550502,,
,3409,184.0937244,,
,3410,178.650132,,
,3411,179.193848,,
,3412,183.9831066,,
,3413,178.3358774,,
,3414,178.8997694,,
,3415,179.7059492,,
,3416,181.681469,,
,3417,180.415605,,
,3418,177.4147493,,
,3419,178.9356629,,
,3420,178.7852911,,
,3421,179.8455579,,
,3422,180.8516873,,
,3423,180.8364115,,
,3424,176.4479765,,
,3425,182.127882,,
,3426,180.5051377,,
,3427,182.7690641,,
,3428,180.8883967,,
,3429,182.2026459,,
,3430,180.9330906,,
,3431,182.6924515,,
,3432,181.0445013,,
,3433,179.8041695,,
,3434,184.5448694,,
,3435,181.7780742,,
,3436,181.1474888,,
,3437,177.4473912,,
,3438,177.4233848,,
,3439,180.585431,,
,3440,180.2910424,,
,3441,178.7717549,,
,3442,180.2819654,,
,3443,183.1772539,,
,3444,181.3908049,,
,3445,177.717983,,
,3446,179.7769823,,
,3447,178.390067,,
,3448,179.2246002,,
,3449,179.1727687,,
,3450,179.0447088,,
,3451,177.4897293,,
,3452,179.7446906,,
,3453,178.8787847,,
,3454,174.1411026,,
,3455,184.105944,,
,3456,182.1775393,,
,3457,179.2473986,,
,3458,180.0376381,,
,3459,177.6566913,,
,3460,183.3914458,,
,3461,183.7945774,,
,3462,180.3133875,,
,3463,182.0470613,,
,3464,180.3505736,,
,3465,177.3265491,,
,3466,179.1763533,,
,3467,180.2638559,,
,3468,179.0909046,,
,3469,179.5626934,,
,3470,179.8172009,,
,3471,179.838243,,
,3472,180.104517,,
,3473,177.8787899,,
,3474,178.5659677,,
,3475,177.4308315,,
,3476,181.9556311,,
,3477,175.7887061,,
,3478,182.3071807,,
,3479,182.7726988,,
,3480,179.3956388,,
,3481,174.7937258,,
,3482,179.2773789,,
,3483,179.8716317,,
,3484,177.9788036,,
,3485,178.9695632,,
,3486,183.0603904,,
,3487,181.3298543,,
,3488,178.1508718,,
,3489,176.8048017,,
,3490,179.3459654,,
,3491,179.5730864,,
,3492,180.9923984,,
,3493,178.9293666,,
,3494,181.0229992,,
,3495,183.8703081,,
,3496,181.631002,,
,3497,179.903823,,
,3498,179.6336991,,
,3499,179.2866537,,
,3500,182.3612818,,
,3501,178.7453731,,
,3502,180.0904454,,
,3503,180.1023958,,
,3504,178.9964316,,
,3505,177.2550689,,
,3506,180.645949,,
,3507,179.8779921,,
,3508,181.0004809,,
,3509,178.9327994,,
,3510,182.4416426,,
,3511,178.2464524,,
,3512,183.4240806,,
,3513,176.504727,,
,3514,180.8695401,,
,3515,180.9508614,,
,3516,178.4088859,,
,3517,180.8487879,,
,3518,182.5590373,,
,3519,175.5663623,,
,3520,181.0054896,,
,3521,175.0134584,,
,3522,178.0686704,,
,3523,183.2583327,,
,3524,178.8364359,,
,3525,177.6522401,,
,3526,179.6041245,,
,3527,184.1358127,,
,3528,176.3366355,,
,3529,177.8973802,,
,3530,182.9948634,,
,3531,183.7154047,,
,3532,179.7931376,,
,3533,177.5218946,,
,3534,184.191687,,
,3535,183.1888848,,
,3536,181.357894,,
,3537,178.3751953,,
,3538,179.9019413,,
,3539,179.6792798,,
,3540,180.6617026,,
,3541,182.9020029,,
,3542,181.7588341,,
,3543,177.8452478,,
,3544,182.7529929,,
,3545,180.6262643,,
,3546,181.3741316,,
,3547,182.9330817,,
,3548,177.7768395,,
,3549,179.9283488,,
,3550,178.9370909,,
,3551,176.8642811,,
,3552,180.69342,,
,3553,185.0231131,,
,3554,176.3198445,,
,3555,179.9354388,,
,3556,181.2810859,,
,3557,180.2461564,,
,3558,179.7737439,,
,3559,177.4015673,,
,3560,180.4655735,,
,3561,178.486472,,
,3562,175.6201566,,
,3563,182.3891844,,
,3564,181.9167716,,
,3565,180.103322,,
,3566,180.4581494,,
,3567,182.148636,,
,3568,180.4486793,,
,3569,181.8080351,,
,3570,179.4050356,,
,3571,182.6239675,,
,3572,180.6415715,,
,3573,180.3881039,,
,3574,177.4598778,,
,3575,180.5739117,,
,3576,178.3360902,,
,3577,178.7234345,,
,3578,178.3692487,,
,3579,177.8675301,,
,3580,184.2495428,,
,3581,182.6626781,,
,3582,183.840735,,
,3583,177.55421,,
,3584,180.1425075,,
,3585,177.4129847,,
,3586,178.6086102,,
,3587,178.163746,,
,3588,182.479168,,
,3589,179.2075406,,
,3590,182.1367587,,
,3591,181.2082418,,
,3592,184.6072775,,
,3593,177.0411116,,
,3594,182.5184665,,
,3595,182.2928817,,
,3596,178.0532423,,
,3597,182.0142667,,
,3598,180.6722899,,
,3599,179.5450475,,
,3600,178.352129,,
